event_id,tip,pos,day,move_pct,retr_5,retr_20,days_to_recover,recovered,further_decline_pct
covid_urgenta_2020,sanatate,50,2020-03-16,-9.584417622677622,-11.503122027870818,155.7854691312077,16,True,-1.2193774853944683
locale_2020,alegeri,185,2020-09-28,0.5435809095670541,115.59881715130815,365.9314933464765,0,True,
parlamentare_2020,alegeri,233,2020-12-07,-0.6036820873210558,138.52577319587712,762.3608247422678,3,True,-0.2745591087880195
demisie_orban_2020,guvern,234,2020-12-08,-0.2745591087880195,,,1,True,0.0
guvern_citu_2020,guvern,245,2020-12-23,0.44181424091780386,,,0,True,
criza_stelian_2021,guvern,419,2021-09-01,1.0325409388264095,-36.68430335096939,-311.5814226925324,0,True,
motiune_citu_2021,motiune,443,2021-10-05,0.015502167167125158,,,0,True,
guvern_ciuca_2021,guvern,480,2021-11-25,0.565831308160325,224.72912683237794,-285.3250478011458,0,True,
invazie_2022,extern,542,2022-02-24,-4.08994685144346,-114.98814673099291,-4.107053734819488,37,True,-13.400693286085597
rotativa_ciolacu_2023,guvern,867,2023-06-15,-0.042281241347319476,,,1,True,-0.7386750017156718
ipo_h2o_2023,piata,886,2023-07-12,1.4282730806054689,-121.37160219195992,-3.6433183223917114,0,True,
locale_euro_2024,alegeri,1113,2024-06-10,-1.1360584295197484,74.08667823578386,326.16573888350473,6,True,-0.12508656352766545
tur1_2024,alegeri,1231,2024-11-25,-0.8899560328004763,-351.0957804276075,-82.3218055844667,11,True,-5.434438680760467
parlamentare_2024,alegeri,1236,2024-12-02,0.6289051673265655,-547.4457384859727,-567.9680607023114,0,True,
ccr_anulare_2024,ccr,1240,2024-12-06,2.9693199437892615,-162.79065374662397,-68.20989403298023,0,True,
schengen_2024,extern,1244,2024-12-12,-0.04009496615259289,,,1,True,-5.537932716193472
fitch_negativ_2024,rating,1248,2024-12-18,-2.3027671321153687,41.335414777488566,76.20381317508249,32,True,-2.00483643352799
guvern_ciolacu2_2024,guvern,1251,2024-12-23,0.7706457929880006,-134.93615674135543,-114.1299377396314,0,True,
bec_respinge_2025,ccr-alegeri,1299,2025-03-10,-0.8153862003245083,-44.83401244511952,-683.0822199058817,47,True,-6.522080652997464
tur1_2025,alegeri,1336,2025-05-05,-2.8828632894841055,19.866188199230756,464.52702392642965,10,True,-1.9263702595392118
demisie_ciolacu_2025,guvern,1336,2025-05-05,-2.8828632894841055,19.866188199230756,464.52702392642965,10,True,-1.9263702595392118
tur2_2025,alegeri,1346,2025-05-19,4.088934335088634,-44.189208530127395,-258.8072654410142,0,True,
guvern_bolojan_2025,guvern,1370,2025-06-23,-1.1837528902016947,77.43498909996856,549.2681407661217,6,True,-0.4534221057616472
pachet_fiscal_2025,fiscal,1380,2025-07-07,0.09093359574172677,,,0,True,
