matched_to,pos,move_pct,retr_5,retr_20,days_to_recover,recovered,further_decline_pct
invazie_2022,546,-3.18689117991795,-26.264536524782915,204.6883820706782,8.0,True,-9.26308082408286
invazie_2022,549,-3.796539340387184,353.4400664270791,475.4764715803677,2.0,True,0.0
invazie_2022,1321,-2.9834534149335235,101.21924047022756,38.90607035587901,3.0,True,-1.3348224991948876
invazie_2022,1152,-3.62995009277991,56.844611048786305,75.20453115166758,10.0,True,-1.6462406775424876
invazie_2022,753,-3.7249995885400566,97.04196311233963,100.64349481125664,7.0,True,-0.9591718562267926
invazie_2022,108,-3.4239617567971337,67.8642354215561,37.666245411325455,43.0,True,-0.6528013063138105
invazie_2022,81,-3.5783929958651317,135.95223527922528,293.9534589337328,5.0,True,0.0
invazie_2022,72,-4.0036806452875995,-13.943953357156163,144.44423547113018,14.0,True,-3.040260170152287
invazie_2022,1543,-3.2974552502900156,116.6411977574861,117.82433015206347,5.0,True,0.0
locale_euro_2024,939,-1.3204845338227522,167.446337973201,146.1402367633665,3.0,True,-1.0504000537559732
locale_euro_2024,1433,-1.1992239927264836,185.71207536789979,451.1776234355663,4.0,True,-0.018404516242920277
locale_euro_2024,1583,-1.1146780156881642,456.90868393893675,624.3750753930512,3.0,True,-0.3046060005010065
locale_euro_2024,764,-1.041445615892178,-117.84330176994845,84.52594989811818,22.0,True,-2.1873088154600095
locale_euro_2024,1531,-1.3838058199795666,362.8967058488456,111.10283404357946,1.0,True,-3.8272560483979423
locale_euro_2024,179,-1.037086462099035,-161.51042975622,-161.85599396833425,36.0,True,-5.782515828618983
locale_euro_2024,387,-1.4507035666529666,68.8345011349054,224.60607256817622,16.0,True,-0.3475432031987191
locale_euro_2024,671,-1.05830424790746,-101.30035899481386,-1074.5073793378513,,False,-12.5146022679274
locale_euro_2024,1361,-1.1520592776815386,146.3936516933537,177.6432721310131,5.0,True,-0.6349669976651984
locale_euro_2024,1419,-1.0553730685196938,165.24822695035473,439.3130301766079,2.0,True,-0.27046636164683724
locale_euro_2024,476,-1.5015549983736554,-200.01180498170146,-110.12867430055475,24.0,True,-3.0490707289749786
locale_euro_2024,129,-1.1749835599152325,67.81746505793826,126.5081830127831,7.0,True,-0.7963759002193815
locale_euro_2024,669,-1.1746933697142303,-140.38618535477195,-1082.135377844037,,False,-13.486881659638284
locale_euro_2024,692,-1.1265236076329121,328.21258932774373,210.27857417947033,2.0,True,-0.027839182161859544
locale_euro_2024,208,-1.2979483798286284,259.72090072946366,623.4274236177183,3.0,True,-0.5330133955413929
locale_euro_2024,1461,-1.05833322650144,42.056041469974964,165.90840265778513,6.0,True,-0.5426867806865854
locale_euro_2024,1042,-1.2056098847247787,200.27464296414627,499.02876260860535,4.0,True,0.0
locale_euro_2024,358,-1.4843077742037303,179.10341314314965,420.04754627271535,4.0,True,0.0
locale_euro_2024,911,-1.151963970301506,176.20390959476936,876.2503733696153,4.0,True,-0.9131734847837247
locale_euro_2024,1151,-1.077608652506512,-233.84696040664804,-82.95229194684558,,False,-5.216433055320568
locale_euro_2024,664,-1.449652237291743,-144.5791926337653,-551.4766155746435,,False,-15.326778317490874
locale_euro_2024,1409,-1.357303652697539,25.232953258325363,19.548440685645556,28.0,True,-2.1968090732589096
locale_euro_2024,207,-1.3255605029006023,94.04494382022483,499.02962206332734,6.0,True,-1.82404353663832
locale_euro_2024,1495,-1.0140752246632911,148.1457566185594,1173.6008097590025,4.0,True,-0.11370816263700512
locale_euro_2024,882,-1.330095772467832,178.31146539435042,279.51589910685715,4.0,True,-0.3282119098293679
locale_euro_2024,902,-1.5012932363071108,-47.06290758511217,79.8408093431528,21.0,True,-3.1775294742351967
locale_euro_2024,637,-1.4151499649010635,39.08366413138958,350.78633980788277,7.0,True,-10.783574266478402
locale_euro_2024,537,-1.36067352981466,-263.1292011275267,-268.7761360468339,,False,-16.54400391062312
locale_euro_2024,1476,-1.0679242860646476,-116.83078451184197,342.4571438357334,10.0,True,-2.5062186847444767
locale_euro_2024,809,-1.4192394006889653,24.22833106226604,238.29018306771812,10.0,True,-0.5283516146091127
locale_euro_2024,278,-1.0358456377740688,-135.80087973393532,18.68898186889844,21.0,True,-3.6643053215327903
locale_euro_2024,515,-1.4643043294738423,-373.83370000564,-4.4734021549051,,False,-18.134652044376566
locale_euro_2024,676,-1.0364963503649571,-69.36413804464232,-766.7243225434496,,False,-11.556285363553942
locale_euro_2024,1074,-1.0853903958851996,-69.68633019233155,251.5812572608714,14.0,True,-1.1871297301692008
locale_euro_2024,1288,-1.1404229541712718,-1.9739793629420317,-115.14580529385292,58.0,True,-6.847542344460944
locale_euro_2024,1216,-1.4967535172500823,118.88189495222719,-291.7390625812817,5.0,True,-6.684583705507108
locale_euro_2024,591,-1.4491715810790229,54.655945000307504,382.7266588914128,12.0,True,-0.6652865389710105
locale_euro_2024,1125,-1.1643822538356274,180.192465369179,209.14426271954375,4.0,True,-2.968228976283971
locale_euro_2024,924,-1.0468177927820843,629.6948190205835,968.0943931866598,1.0,True,0.0
locale_euro_2024,1513,-1.104973778333418,340.62149975588125,660.5402222924293,3.0,True,-1.1425421169006245
locale_euro_2024,1576,-1.5140022777222928,30.09072233853287,632.9981619634556,2.0,True,-0.2958387653797301
locale_euro_2024,1145,-1.4233470788394764,69.15913542489972,50.807532387202684,,False,-5.301531273971117
locale_euro_2024,1514,-1.1425421169006245,565.3208818986101,825.3503721387451,1.0,True,0.0
locale_euro_2024,90,-1.0589964289394738,510.5563782525937,609.7172272759343,2.0,True,0.0
locale_euro_2024,999,-1.455922599036008,26.433231088261834,14.995463775002904,7.0,True,0.0
locale_euro_2024,1541,-1.0587840996021725,-224.02055416761436,-48.45701794231271,28.0,True,-4.966549814057619
locale_euro_2024,1520,-1.3711869746682814,-95.68574730012058,199.68668059197452,10.0,True,-3.3624170984488
locale_euro_2024,706,-1.3720810357341073,1.690217949156151,566.2024840045156,13.0,True,-0.0327955466598695
locale_euro_2024,517,-1.178506317892991,-16.357467696527863,61.560672778459214,8.0,True,-15.931313047835005
locale_euro_2024,730,-1.1198508214276925,131.2414091034064,460.79802065742854,5.0,True,-0.24707315055406687
locale_euro_2024,1547,-1.156254143708324,372.91840525479796,244.5325329097905,1.0,True,0.0
locale_euro_2024,1197,-1.2830272602711634,-5.586658962762464,-120.47976728895797,,False,-8.290509251167034
locale_euro_2024,283,-1.0386335377119749,-216.78515222228265,354.0131329028049,13.0,True,-2.275234645854074
locale_euro_2024,1603,-1.2379284170377813,84.56098467359553,672.1500883998993,8.0,True,0.0
locale_euro_2024,198,-1.157518818382941,-20.81887578070783,191.91533657182538,17.0,True,-3.091440904839715
locale_euro_2024,516,-1.45957437533637,-135.1645511458264,62.124518982252894,9.0,True,-16.92206783493595
locale_euro_2024,1293,-1.1183641754924145,43.67247928966961,24.91876058400852,53.0,True,-6.826325390514998
locale_euro_2024,1317,-1.3197803077447445,-156.9740369000796,-327.8550605544799,29.0,True,-5.801423966376196
locale_euro_2024,461,-1.4841942434412614,141.78149459837462,-224.34748965804397,3.0,True,-3.379917061266058
locale_euro_2024,744,-1.45470433948508,186.87352228611428,167.76613444642277,4.0,True,-2.642591531332006
locale_euro_2024,1014,-1.3761893909353118,-195.16726974049237,44.073967189824046,22.0,True,-2.8004499008291384
locale_euro_2024,1226,-1.217250656670632,-206.1771414090234,-81.37354282818092,57.0,True,-7.836988637753517
locale_euro_2024,615,-1.0205775537306505,-20.141078838174636,-28.12448132780186,10.0,True,-2.5018525585845053
fitch_negativ_2024,806,-1.6582398018934907,-84.39020738189727,106.11414738838563,18.0,True,-1.8496831561260363
fitch_negativ_2024,368,-1.7148849791647658,257.72237665045117,255.33935603428267,2.0,True,0.0
fitch_negativ_2024,1478,-2.240672053325321,61.980476505625134,295.5220052945077,7.0,True,0.0
fitch_negativ_2024,1512,-1.6900824029045802,117.88839252750473,306.2329247581775,5.0,True,-2.2348911044358655
fitch_negativ_2024,1295,-2.08958089798863,116.87590805796685,125.30765314358835,3.0,True,-4.596314213583508
fitch_negativ_2024,689,-2.5340482052458313,65.46483909415946,75.2365166865315,6.0,True,-0.7161239247851836
fitch_negativ_2024,177,-1.7860004379611438,-73.31546023235043,-159.03127792672007,49.0,True,-6.98328234876564
fitch_negativ_2024,765,-2.096738588845226,81.3279589299321,122.23960213371794,7.0,True,-0.0925099177589428
fitch_negativ_2024,74,-2.6860743588895786,220.1207538321755,396.7027169612234,4.0,True,0.0
fitch_negativ_2024,684,-2.629158436507517,-266.16903002463215,-212.17795086878343,52.0,True,-7.851618498928181
fitch_negativ_2024,1319,-2.376540615249678,143.23105611120488,-39.45414477029903,1.0,True,-0.9604697280498509
fitch_negativ_2024,1542,-1.726008936049861,-104.27539229232438,25.153352636257576,7.0,True,-3.2974552502900156
fitch_negativ_2024,519,-2.2729022647724695,145.87812263436743,74.67448902346719,4.0,True,-14.033242940727774
fitch_negativ_2024,105,-1.6260987590926201,-138.6396951040751,-46.94057042341991,57.0,True,-3.2931482799394174
fitch_negativ_2024,1540,-2.0594731910206,-152.46011778832292,-71.14829321287596,33.0,True,-5.9727488739297225
fitch_negativ_2024,1018,-1.6587175559121592,107.69923457901866,255.1497073390377,5.0,True,-0.7088650533199292
fitch_negativ_2024,1581,-2.6733144303411893,59.54529525144523,316.61501226563996,6.0,True,-0.7549243120432148
fitch_negativ_2024,110,-1.9822573969181745,86.79536138457749,4.480958553761293,1.0,True,-1.0249535738400928
fitch_negativ_2024,561,-2.1306819417063805,95.22886353896682,194.2942268840678,4.0,True,-2.2158089024204464
fitch_negativ_2024,700,-1.8478301001710662,144.92148474524197,283.9972333939602,5.0,True,-1.1118136103849041
fitch_negativ_2024,180,-2.460481126808045,52.92889828467462,29.931226417618937,35.0,True,-3.4058346198424516
fitch_negativ_2024,352,-1.806304515609558,118.38774710197634,383.4574676597418,3.0,True,0.0
fitch_negativ_2024,1575,-1.8672308240945013,87.2019270625591,412.63930926069554,4.0,True,-1.8053620374557933
fitch_negativ_2024,945,-1.612070025270751,33.12420785804834,77.16307562315161,16.0,True,-1.6332226589742649
fitch_negativ_2024,1318,-2.572496865824303,36.25165293459464,-58.886176380836574,11.0,True,-3.314184390115238
fitch_negativ_2024,1521,-1.6464924627089816,12.474552737984776,202.5189271340518,8.0,True,-1.7446501692776284
fitch_negativ_2024,672,-1.6137372675476769,14.184490918224762,-673.9946593342684,,False,-11.079661629208438
fitch_negativ_2024,688,-2.5639834812513196,-90.3550932568151,-7.186154949784758,32.0,True,-3.232025204567668
fitch_negativ_2024,534,-2.015181030429236,-46.91874999999982,-225.8020833333338,1.0,True,-16.316154795365744
fitch_negativ_2024,583,-2.499782772033299,-33.59402954557073,-50.64151714972132,29.0,True,-3.8477987833513527
fitch_negativ_2024,1175,-1.9268568537971653,-0.023914545357959685,23.009778391879017,21.0,True,-5.915729354553278
fitch_negativ_2024,62,-2.6213684498558876,287.53008094508925,283.67971997374826,3.0,True,0.0
fitch_negativ_2024,143,-1.6491223653829712,106.55105156037945,308.4040027137041,5.0,True,-0.6821849826876503
fitch_negativ_2024,616,-2.32331382941402,108.93320811004882,90.18654586302772,5.0,True,-0.18278540782871167
fitch_negativ_2024,628,-1.7765038390959775,49.30843870845317,138.28378923394538,20.0,True,-9.077798607448994
guvern_bolojan_2025,1174,-1.5606123301679875,-143.82024286267975,-118.59901821470102,,False,-5.930074255207929
guvern_bolojan_2025,686,-1.5618863681602702,-348.1672837911551,-272.21791670254675,37.0,True,-6.614556505731805
