sursa,titlu,link,published,colectat_la
g4media,"Proiectul de lege privind organizarea alegerilor anticipate, pus în dezbatere publică: Guvernul stabilește data alegerilor în cel mult 5 zile de la dizolvarea Parlamentului / Anticipatele trebuie organizate într-un termen de maximum 3 luni",https://www.g4media.ro/proiectul-de-lege-privind-organizarea-alegerilor-anticipate-pus-in-dezbatere-publica-guvernul-stabileste-data-alegerilor-in-cel-mult-5-zile-de-la-dizolvarea-parlamentului-anticipatele-trebuie-orga.html,"Mon, 28 Sep 2026 13:48:43 +0000",2026-09-28T13:56:02.137976+00:00
g4media,"Ministrul Finanțelor: Criza politică trebuie încheiată cât mai repede. Avem această şansă miercuri, la vot",https://www.g4media.ro/ministrul-finantelor-criza-politica-trebuie-incheiata-cat-mai-repede-avem-aceasta-sansa-miercuri-la-vot.html,"Mon, 28 Sep 2026 13:02:19 +0000",2026-09-28T13:56:02.138976+00:00
hotnews,"Cursa electorală din Texas care dă fiori republicanilor lui Trump. Președintele, acuzat că „a comis o greșeală colosală”",https://hotnews.ro/cursa-electorala-din-texas-care-da-fiori-republicanilor-lui-trump-presedintele-acuzat-ca-a-comis-o-greseala-colosala-2360265,"Mon, 28 Sep 2026 13:50:21 +0000",2026-09-28T13:56:02.538025+00:00
hotnews,„Motive de ieșit în stradă”. Siegfried Mureșan spune de ce nu vrea ca „premierul OUG” să revină la Palatul Victoria,https://hotnews.ro/siegfried-muresan-nu-as-dori-ca-premierul-oug-13-sa-revina-la-palatul-victoria-ar-insemna-ca-din-nou-probabil-vom-avea-motive-sa-iesim-in-strada-2360391,"Mon, 28 Sep 2026 13:48:44 +0000",2026-09-28T13:56:02.538025+00:00
hotnews,"AUR, mesaj pentru PSD după o eventuală cădere a Guvernului Mureșan: „Discuțiile trebuie să aibă loc înainte de Cotroceni”",https://hotnews.ro/aur-mesaj-pentru-psd-dupa-o-eventuala-cadere-a-guvernului-muresan-discutiile-trebuie-sa-aiba-loc-inainte-de-cotroceni-2360346,"Mon, 28 Sep 2026 13:29:22 +0000",2026-09-28T13:56:02.538025+00:00
hotnews,Prima propunere de ministru din Guvernul Mureșan care a primit aviz favorabil la audierile din Parlament. Un singur vot împotrivă,https://hotnews.ro/primul-ministru-din-guvernul-muresan-care-a-primit-aviz-favorabil-la-audierile-din-parlament-un-singur-vot-impotriva-2360323,"Mon, 28 Sep 2026 13:24:05 +0000",2026-09-28T13:56:02.538025+00:00
hotnews,Judecătoarea propusă pentru Ministerul Justiției vorbește despre o „piramidă a puterii” care controlează justiția,https://hotnews.ro/judecatoarea-propusa-pentru-ministerul-justitiei-vorbeste-despre-o-piramida-a-puterii-care-controleaza-justitia-2360274,"Mon, 28 Sep 2026 12:25:19 +0000",2026-09-28T13:56:02.538025+00:00
hotnews,"Călin Georgescu îl atacă pe Siegfried Mureșan de pe treptele Curții de Apel București, unde a fost un nou termen în dosarul de tentativă de lovitură de stat",https://hotnews.ro/calin-georgescu-judecat-pentru-tentativa-de-lovitura-de-stat-atac-dur-la-adresa-lui-siegfried-muresan-o-eroare-a-istoriei-2360235,"Mon, 28 Sep 2026 11:58:21 +0000",2026-09-28T13:56:02.538025+00:00
hotnews,Un parlamentar AUR a ignorat decizia lui Simion privind guvernul Mureșan: „Avem o datorie”,https://hotnews.ro/un-parlamentar-aur-nu-a-respectat-decizia-lui-george-simion-privind-guvernul-muresan-am-o-responsabilitate-2360248,"Mon, 28 Sep 2026 11:44:43 +0000",2026-09-28T13:56:02.538025+00:00
digi24,"Proiectul privind alegerile anticipate, pus în dezbatere. Se reduc unele termene şi numărul minim de susţinători necesar candidaților",https://www.digi24.ro/stiri/actualitate/politica/proiectul-privind-alegerile-anticipate-pus-in-dezbatere-se-reduc-unele-termene-si-numarul-minim-de-sustinatori-necesar-candidatilor-3967977,"Mon, 28 Sep 2026 16:53:08 +0300",2026-09-28T13:56:03.143172+00:00
digi24,"Alexandru Nazare spune că turbulențele politice complică evaluarea S&P: „Avem această șansă miercuri, la votul pentru Guvernul Mureșan”",https://www.digi24.ro/stiri/economie/alexandru-nazare-spune-ca-turbulentele-politice-complica-evaluarea-sp-avem-aceasta-sansa-miercuri-la-votul-pentru-guvernul-muresan-3967961,"Mon, 28 Sep 2026 16:45:07 +0300",2026-09-28T13:56:03.143172+00:00
digi24,"Prima reacție a Guvernului grec la relatarea WSJ despre afirmaţiile ambasadoarei SUA la Atena, Kimberly Guilfoyle",https://www.digi24.ro/stiri/externe/ue/prima-reactie-a-guvernului-grec-la-relatarea-wsj-despre-afirmatiile-ambasadoarei-sua-la-atena-kimberly-guilfoyle-3967895,"Mon, 28 Sep 2026 16:29:52 +0300",2026-09-28T13:56:03.143172+00:00
digi24,"Siegfried Mureșan: „Eu nu aș dori ca premierul OUG 13 să revină la Palatul Victoria. Ar însemna ca noi, din nou, să ieșim în stradă”",https://www.digi24.ro/stiri/actualitate/politica/siegfried-muresan-eu-nu-as-dori-ca-premierul-oug-13-sa-revina-la-palatul-victoria-ar-insemna-ca-noi-din-nou-sa-iesim-in-strada-3967803,"Mon, 28 Sep 2026 15:50:27 +0300",2026-09-28T13:56:03.143172+00:00
digi24,Furie în Rusia după atacurile ucrainene. Dmitri Peskov: „Ucraina va trebui să plătească un preţ”,https://www.digi24.ro/stiri/externe/furie-in-rusia-dupa-atacurile-ucrainene-dmitri-peskov-ucraina-va-trebui-sa-plateasca-un-pret-3967813,"Mon, 28 Sep 2026 15:43:35 +0300",2026-09-28T13:56:03.144169+00:00
digi24,"Ministerul Educației a lansat un program pentru prevenirea analfabetismului funcțional. Bugetul depășește 1,21 miliarde de lei",https://www.digi24.ro/stiri/economie/ministerul-educatiei-a-lansat-un-program-pentru-prevenirea-analfabetismului-functional-bugetul-depaseste-121-miliarde-de-lei-3967777,"Mon, 28 Sep 2026 15:27:20 +0300",2026-09-28T13:56:03.144169+00:00
digi24,"Atac lansat de Călin Georgescu la Siegfried Mureșan și Nicușor Dan: „Un individ ca eroare a istoriei, ca și cel care l-a desemnat”",https://www.digi24.ro/stiri/actualitate/atac-lansat-de-calin-georgescu-la-siegfried-muresan-si-nicusor-dan-un-individ-ca-eroare-a-istoriei-ca-si-cel-care-l-a-desemnat-3967707,"Mon, 28 Sep 2026 15:06:42 +0300",2026-09-28T13:56:03.144169+00:00
digi24,"„Va acționa din nou împotriva României”. Mureșan, săgeți către Grindeanu și PSD chiar în timpul audierii miniștrilor propuși",https://www.digi24.ro/stiri/actualitate/politica/va-actiona-din-nou-impotriva-romaniei-muresan-sageti-catre-grindeanu-si-psd-chiar-in-timpul-audierii-ministrilor-propusi-3967689,"Mon, 28 Sep 2026 14:45:30 +0300",2026-09-28T13:56:03.144169+00:00
digi24,"Lider PNL: „Dacă PSD vrea să guverneze, să spună cu cine. Dacă are o majoritate, să o prezinte”",https://www.digi24.ro/stiri/actualitate/politica/lider-pnl-daca-psd-vrea-sa-guverneze-sa-spuna-cu-cine-daca-are-o-majoritate-sa-o-prezinte-3967615,"Mon, 28 Sep 2026 14:27:46 +0300",2026-09-28T13:56:03.144169+00:00
digi24,"Călin Georgescu, la ieșirea de la CAB: „Îi mulțumesc lui George Simion pentru integritate”. Care era planul lui pentru liderul AUR",https://www.digi24.ro/stiri/actualitate/calin-georgescu-la-iesirea-de-la-cab-ii-multumesc-lui-george-simion-pentru-integritate-care-era-planul-lui-pentru-liderul-aur-3967459,"Mon, 28 Sep 2026 16:21:42 +0300",2026-09-28T13:56:03.144169+00:00
digi24,Peter Magyar a rămas fără imunitate după votul din Parlamentul de la Budapesta. Premierul maghiar este acuzat că a furat un telefon,https://www.digi24.ro/stiri/externe/peter-magyar-a-ramas-fara-imunitate-dupa-votul-din-parlamentul-de-la-budapesta-premierul-maghiar-este-acuzat-ca-a-furat-un-telefon-3967385,"Mon, 28 Sep 2026 14:32:04 +0300",2026-09-28T13:56:03.144169+00:00
digi24,Călin Georgescu și Horațiu Potra la Curtea de Apel București. Amânare în procesul în care sunt acuzați de tentativă la lovitură de stat,https://www.digi24.ro/stiri/actualitate/justitie/calin-georgescu-si-horatiu-potra-la-curtea-de-apel-bucuresti-se-judeca-procesul-in-care-sunt-acuzati-de-tentativa-la-lovitura-de-stat-3967245,"Mon, 28 Sep 2026 13:53:21 +0300",2026-09-28T13:56:03.144169+00:00
digi24,"Grindeanu, după anunțul lui Simion privind absența AUR din comisii și plen: Încă o dovadă că i-au ținut în funcție pe Bolojan și restul",https://www.digi24.ro/stiri/actualitate/politica/grindeanu-dupa-anuntul-lui-simion-privind-absenta-aur-din-comisii-si-plen-inca-o-dovada-ca-i-au-tinut-in-functie-pe-bolojan-si-restul-3967159,"Mon, 28 Sep 2026 12:04:24 +0300",2026-09-28T13:56:03.144169+00:00
digi24,"Grindeanu: „Pe Bolojan nu l-au dat jos nici americanii, nici monstrul din Loch Ness. Am avut la putere cel mai anti-american guvern”",https://www.digi24.ro/stiri/actualitate/politica/grindeanu-pe-bolojan-nu-l-au-dat-jos-nici-americanii-nici-monstrul-din-loch-ness-am-avut-la-putere-cel-mai-anti-american-guvern-3967149,"Mon, 28 Sep 2026 12:38:31 +0300",2026-09-28T13:56:03.144169+00:00
digi24,"După 23 de ani de la înlăturarea lui Saddam Hussein, trupele americane s-au retras complet din Irak",https://www.digi24.ro/stiri/externe/dupa-23-de-ani-de-la-inlaturarea-lui-saddam-hussein-trupele-americane-s-au-retras-complet-din-irak-3967135,"Mon, 28 Sep 2026 11:37:43 +0300",2026-09-28T13:56:03.144169+00:00
digi24,Sancțiuni dure: șoferii care circulă pe contrasens pe autostrăzi ar putea rămâne fără permis timp de 3 ani,https://www.digi24.ro/stiri/actualitate/sanctiuni-dure-soferii-care-circula-pe-contrasens-pe-autostrazi-ar-putea-ramane-fara-permis-timp-de-3-ani-3967107,"Mon, 28 Sep 2026 11:21:03 +0300",2026-09-28T13:56:03.144169+00:00
digi24,ÎNTREBAREA SĂPTĂMÂNII: Ce șanse are Guvernul Mureșan să obțină votul de încredere al Parlamentului?,https://www.digi24.ro/opinii/intrebarea-saptamanii-ce-sanse-are-guvernul-muresan-sa-obtina-votul-de-incredere-al-parlamentului-3967111,"Mon, 28 Sep 2026 11:20:47 +0300",2026-09-28T13:56:03.144169+00:00
digi24,"Siegfried Mureșan l-a contactat, din nou, pe Sorin Grindeanu. Documentul transmis înaintea audierilor și răspunsul social-democraților",https://www.digi24.ro/stiri/actualitate/politica/siegfried-muresan-l-a-contactat-din-nou-pe-sorin-grindeanu-documentul-transmis-inaintea-audierilor-ministrilor-propusi-3967059,"Mon, 28 Sep 2026 13:05:01 +0300",2026-09-28T13:56:03.144169+00:00
digi24,Au început audierile miniștrilor lui Siegfried Mureșan: Primul aviz negativ. Un parlamentar AUR a încălcat decizia partidului,https://www.digi24.ro/stiri/actualitate/politica/incep-audierile-ministrilor-lui-siegfried-muresan-in-ce-ordine-intra-in-comisiile-parlamentare-3966417,"Mon, 28 Sep 2026 16:39:32 +0300",2026-09-28T13:56:03.144169+00:00
digi24,"Simion anunță că AUR nu va vota Guvernul Mureșan și îl amenință pe Nicușor Dan cu suspendarea: „Nu vom fi prezenţi în comisii, în plen”",https://www.digi24.ro/stiri/actualitate/politica/george-simion-anunta-ca-aur-nu-va-vota-guvernul-muresan-nu-vom-fi-prezenti-in-comisii-in-plen-3966945,"Mon, 28 Sep 2026 10:27:19 +0300",2026-09-28T13:56:03.144169+00:00
digi24,"Cât costă ajutorul acordat de Franța Ucrainei, pus sub semnul întrebării de lidera extremei drepte, Marine Le Pen",https://www.digi24.ro/stiri/externe/cat-costa-ajutorul-acordat-de-franta-ucrainei-pus-sub-semnul-intrebarii-de-lidera-extremei-drepte-marine-le-pen-3966941,"Mon, 28 Sep 2026 09:45:03 +0300",2026-09-28T13:56:03.144169+00:00
digi24,Un deputat AUR susține că a finalizat un raport privind anularea alegerilor: „Am pus cap la cap piesele acestui puzzle”,https://www.digi24.ro/stiri/actualitate/politica/un-deputat-aur-sustine-ca-a-finalizat-un-raport-privind-anularea-alegerilor-am-pus-cap-la-cap-piesele-acestui-puzzle-3966943,"Mon, 28 Sep 2026 09:29:05 +0300",2026-09-28T13:56:03.144169+00:00
digi24,„Are ceva aer de complot”. Siegfried Mureșan cere explicații politicienilor care s-au întâlnit cu ambasadoarea SUA în Grecia,https://www.digi24.ro/stiri/actualitate/politica/are-ceva-aer-de-complot-siegfried-muresan-cere-explicatii-politicienilor-care-s-au-intalnit-cu-ambasadoarea-sua-in-grecia-3966903,"Mon, 28 Sep 2026 08:35:06 +0300",2026-09-28T13:56:03.144169+00:00
digi24,PSD nu votează Guvernul Siegfried Mureşan. Grindeanu: „A fost un vot în unanimitate”,https://www.digi24.ro/stiri/actualitate/politica/psd-decide-azi-daca-voteaza-sau-nu-guvernul-siegfried-muresan-3966867,"Mon, 28 Sep 2026 11:31:04 +0300",2026-09-28T13:56:03.144169+00:00
digi24,"Cazul femeii de 87 de ani evacuate provoacă revoltă în Spania. Sanchez promite măsuri: „Maricarmen, am un mesaj pentru tine”",https://www.digi24.ro/stiri/externe/ue/cazul-femeii-de-87-de-ani-evacuate-provoaca-revolta-in-spania-sanchez-promite-masuri-maricarmen-am-un-mesaj-pentru-tine-3966781,"Sun, 27 Sep 2026 23:25:23 +0300",2026-09-28T13:56:03.145137+00:00
digi24,Un guvern AfD ar putea primi acces la secrete NATO. Berlinul caută o soluție pentru a proteja informațiile sensibile,https://www.digi24.ro/stiri/externe/ue/un-guvern-afd-ar-putea-primi-acces-la-secrete-nato-berlinul-cauta-o-solutie-pentru-a-proteja-informatiile-sensibile-3966755,"Sun, 27 Sep 2026 22:51:12 +0300",2026-09-28T13:56:03.145137+00:00
digi24,Adrian Veştea crede că Sigfried Mureşan ar trebui să fie învestit premier. „A avea azi alegeri anticipate pare aproape imposibil”,https://www.digi24.ro/stiri/actualitate/politica/adrian-vestea-crede-ca-sigfried-muresan-ar-trebui-sa-fie-investit-premier-a-avea-azi-alegeri-anticipate-pare-aproape-imposibil-3966747,"Sun, 27 Sep 2026 22:04:23 +0300",2026-09-28T13:56:03.145137+00:00
digi24,Aleksandar Vucic a demisionat din funcția de președinte al Serbiei,https://www.digi24.ro/stiri/externe/ue/aleksandar-vucic-a-demisionat-din-functia-de-presedinte-al-serbiei-3966741,"Sun, 27 Sep 2026 21:59:16 +0300",2026-09-28T13:56:03.145137+00:00
digi24,Avalanșă în Himalaya: 10 alpiniști nepalezi sunt dați dispăruți,https://www.digi24.ro/stiri/externe/mapamond/avalansa-in-himalaya-10-alpinisti-nepalezi-sunt-dati-disparuti-3966617,"Sun, 27 Sep 2026 19:33:17 +0300",2026-09-28T13:56:03.145137+00:00
digi24,Ucraina se pregătește de un schimb major de prizonieri cu Rusia. Budanov: Ar putea avea loc chiar săptămâna viitoare,https://www.digi24.ro/stiri/externe/ue/ucraina-se-pregateste-de-un-schimb-major-de-prizonieri-cu-rusia-budanov-ar-putea-avea-loc-chiar-saptamana-viitoare-3966557,"Sun, 27 Sep 2026 18:05:30 +0300",2026-09-28T13:56:03.146145+00:00
digi24,"Siegfried Mureșan, replică pentru Sorin Grindeanu în scandalul cu ambasadoarea SUA: „Să demonstreze că sunt buni români”",https://www.digi24.ro/stiri/actualitate/politica/siegfried-muresan-replica-pentru-sorin-grindeanu-in-scandalul-cu-ambasadoarea-sua-sa-demonstreze-ca-sunt-buni-romani-3966531,"Sun, 27 Sep 2026 17:33:05 +0300",2026-09-28T13:56:03.146145+00:00
digi24,Reacția lui Bogdan Ivan în scandalul ambasadoarei SUA la Atena: „Halucinații”,https://www.digi24.ro/stiri/actualitate/politica/reactia-lui-bogdan-ivan-in-scandalul-ambasadoarei-sua-la-atena-halucinatii-3966523,"Sun, 27 Sep 2026 17:33:00 +0300",2026-09-28T13:56:03.146145+00:00
digi24,"Ambasadorul Marii Britanii, despre alegerile prezidentiale din Romania: Este foarte important să explicați publicului ce s-a întâmplat",https://www.digi24.ro/stiri/actualitate/politica/ambasadorul-marii-britanii-giles-portman-despre-anularea-alegerilor-din-romania-trebuie-sa-explicati-publicului-motivele-deciziei-3966487,"Mon, 28 Sep 2026 12:31:32 +0300",2026-09-28T13:56:03.146145+00:00
digi24,Minorii nu vor mai putea să închirieze trotinete electrice în București. Ce reguli noi pregătește Primăria Capitalei,https://www.digi24.ro/stiri/actualitate/social/minorii-nu-vor-mai-putea-sa-inchirieze-trotinete-electrice-in-bucuresti-ce-reguli-noi-pregateste-primaria-capitalei-3966467,"Sun, 27 Sep 2026 16:23:01 +0300",2026-09-28T13:56:03.146145+00:00
digi24,Polonia accelerează planul de construire a unui „mic oraș” pentru trupele americane,https://www.digi24.ro/stiri/externe/polonia-accelereaza-planul-de-construire-a-unui-mic-oras-pentru-trupele-americane-3966423,"Sun, 27 Sep 2026 15:46:53 +0300",2026-09-28T13:56:03.146145+00:00
digi24,Elvețienii au votat pentru păstrarea actualei neutralități. Referendumul privind înăsprirea regulilor a fost respins,https://www.digi24.ro/stiri/externe/elvetienii-au-votat-pentru-pastrarea-actualei-neutralitati-referendumul-privind-inasprirea-regulilor-a-fost-respins-3966415,"Sun, 27 Sep 2026 14:48:09 +0300",2026-09-28T13:56:03.146145+00:00
digi24,"Petrișor Peiu reamintește momentul demiterii Cabinetului Bolojan, în contextul afirmațiilor atribuite ambasadoarei SUA în Grecia",https://www.digi24.ro/stiri/actualitate/politica/petrisor-peiu-reaminteste-momentul-demiterii-cabinetului-bolojan-in-contextul-afirmatiilor-atribuite-ambasadoarei-sua-in-grecia-3966403,"Sun, 27 Sep 2026 14:32:21 +0300",2026-09-28T13:56:03.146145+00:00
digi24,Siegfried Mureșan a trimis câte o „scrisoare de misiune” fiecărui ministru propus în viitorul Guvern. Ce le cere premierul desemnat,https://www.digi24.ro/stiri/actualitate/politica/siegfried-muresan-a-trimis-cate-o-scrisoare-de-misiune-fiecarui-ministru-propus-in-viitorul-guvern-ce-le-cere-premierul-desemnat-3966399,"Sun, 27 Sep 2026 14:03:38 +0300",2026-09-28T13:56:03.146145+00:00
digi24,AUR atacă programul de guvernare propus de Siegfried Mureșan. „Nu oferă soluții eficiente pentru fondurile europene”,https://www.digi24.ro/stiri/actualitate/politica/aur-ataca-programul-de-guvernare-propus-de-siegfried-muresan-nu-ofera-solutii-eficiente-pentru-fondurile-europene-3966387,"Sun, 27 Sep 2026 13:46:58 +0300",2026-09-28T13:56:03.146145+00:00
digi24,"Fost ministru PSD, atac la programul de guvernare al lui Siegfried Mureșan: „Unele măsuri sunt vădit antiromânești”",https://www.digi24.ro/stiri/actualitate/politica/fost-ministru-psd-atac-la-programul-de-guvernare-al-lui-siegfried-muresan-unele-masuri-sunt-vadit-antiromanesti-3966363,"Sun, 27 Sep 2026 13:04:05 +0300",2026-09-28T13:56:03.146145+00:00
digi24,Prima reacție a lui Grindeanu în scandalul ambasadoarei SUA în Grecia și dărâmarea Guvernului Bolojan,https://www.digi24.ro/stiri/actualitate/politica/prima-reactie-a-lui-grindeanu-in-scandalul-ambasadoarei-sua-in-grecia-si-daramarea-guvernului-bolojan-3966361,"Sun, 27 Sep 2026 13:28:18 +0300",2026-09-28T13:56:03.146145+00:00
digi24,„Norocul se poate epuiza”. Bomba atomică nu este un model pentru guvernarea IA: „Istoria reală este mult mai confuză”,https://www.digi24.ro/stiri/sci-tech/lumea-digitala/norocul-se-poate-epuiza-bomba-atomica-nu-este-un-model-pentru-guvernarea-ia-istoria-reala-este-mult-mai-confuza-3959137,"Sun, 27 Sep 2026 07:00:59 +0300",2026-09-28T13:56:03.146145+00:00
digi24,"Un proiect de lege AUR care prevede păstrarea fermelor în care sunt ucise nurci și şinşile pentru blană, la un pas de adoptare",https://www.digi24.ro/stiri/actualitate/politica/un-proiect-de-lege-aur-care-prevede-pastrarea-fermelor-in-care-sunt-ucise-nurci-si-sinsile-pentru-blana-la-un-pas-de-adoptare-3966117,"Sun, 27 Sep 2026 08:33:08 +0300",2026-09-28T13:56:03.146145+00:00
digi24,O torpilă americană a fost lansată de pe un submarin britanic fără echipaj. Care este scopul proiectului militar Excalibur,https://www.digi24.ro/stiri/externe/o-torpila-americana-a-fost-lansata-de-pe-un-submarin-britanic-fara-echipaj-care-este-scopul-proiectului-militar-excalibur-3959033,"Sun, 27 Sep 2026 07:00:46 +0300",2026-09-28T13:56:03.146145+00:00
digi24,„Alegeți femei respectabile în fuste lungi”. Declarațiile lui Antonio Tajani au ajuns subiect de meme-uri în presa internațională,https://www.digi24.ro/stiri/externe/ue/alegeti-femei-respectabile-in-fuste-lungi-declaratiile-lui-antonio-tajani-au-ajuns-subiect-de-meme-uri-in-presa-internationala-3966083,"Sat, 26 Sep 2026 22:42:10 +0300",2026-09-28T13:56:03.147174+00:00
digi24,"Țara europeană, vecină a României, care își propune să taxeze mult mai strict marile averi",https://www.digi24.ro/stiri/externe/ue/tara-europeana-vecina-a-romaniei-care-isi-propune-sa-taxeze-mult-mai-strict-marile-averi-3966079,"Sat, 26 Sep 2026 22:25:07 +0300",2026-09-28T13:56:03.147174+00:00
digi24,Oana Gheorghiu explică de ce a acceptat propunerea la Sănătate: „Viaţa unui copil să nu depindă de miracole”. Replică pentru Rogobete,https://www.digi24.ro/stiri/actualitate/politica/oana-gheorghiu-explica-de-ce-a-acceptat-propunerea-la-sanatate-viata-unui-copil-sa-nu-depinda-de-miracole-replica-pentru-rogobete-3966035,"Sat, 26 Sep 2026 23:02:40 +0300",2026-09-28T13:56:03.147174+00:00
digi24,De ce se complică extinderea celui mai aglomerat aeroport din Marea Britanie și când ar putea fi construită a treia pistă la Heathrow,https://www.digi24.ro/stiri/externe/ue/de-ce-se-complica-extinderea-celui-mai-aglomerat-aeroport-din-marea-britanie-si-cand-ar-putea-fi-construita-a-treia-pista-la-heathrow-3966007,"Sat, 26 Sep 2026 21:14:42 +0300",2026-09-28T13:56:03.147174+00:00
digi24,Ce spune Ciprian Ciucu despre șansele ca Guvernul Mureșan să treacă de Parlament,https://www.digi24.ro/stiri/actualitate/politica/ce-spune-ciprian-ciucu-despre-sansele-ca-guvernul-muresan-sa-treaca-de-parlament-3965865,"Sat, 26 Sep 2026 17:40:34 +0300",2026-09-28T13:56:03.147174+00:00
digi24,"Ilie Bolojan, despre programul de guvernare al lui Siegfried Mureșan: „Continuă reformele începute”",https://www.digi24.ro/stiri/actualitate/politica/ilie-bolojan-despre-programul-de-guvernare-al-lui-siegfried-muresan-continua-reformele-incepute-3965845,"Sat, 26 Sep 2026 17:18:36 +0300",2026-09-28T13:56:03.147174+00:00
