event_id,anunt_ro,zi_tranzactionare,tip,confidence,scope,expected,in_grup,bet_ar0,bet_t0,bet_car3,bet_t3,bet_car11,bet_t11,car3_tr,t3_tr,contaminat_dividend,betx_car3,betx_t3,stoxx_r0,divergenta_ro_vs_eu,semnificativ,TLV_car3,SNP_car3,BRD_car3,H2O_car3,SNG_car3,DIGI_car3,TEL_car3,SNN_car3,ROTX_car3,BET-TR_car3,BET-FI_car3,BET-NG_car3
covid_urgenta_2020,2020-03-16 12:00,2020-03-16,sanatate,ridicata,extern,negativ,nu,-9.37,-9.26,-3.7,-2.11,-25.74,-7.67,-3.7,-2.11,False,-3.48,,-4.86,-4.73,True,-2.4,2.73,1.91,,-2.36,2.1,-3.28,6.02,-3.58,-3.7,-0.75,-1.73
locale_2020,2020-09-27 21:00,2020-09-28,alegeri,ridicata,intern,neutru,nu,0.4,0.61,-0.68,-0.59,-4.25,-1.95,-0.67,-0.59,False,-0.91,-0.82,2.22,-1.67,False,-0.37,-1.71,0.94,,3.44,-2.31,-1.51,-0.55,-1.05,-0.67,-0.63,0.15
parlamentare_2020,2020-12-06 21:00,2020-12-07,alegeri,ridicata,intern,negativ,da,-0.57,-0.57,-0.09,-0.05,3.82,1.15,-0.18,-0.1,False,-0.17,-0.13,-0.3,-0.29,False,-3.23,-0.01,4.52,,0.63,1.5,-0.88,0.0,-0.35,-0.18,0.27,-0.27
demisie_orban_2020,2020-12-07 21:00,2020-12-08,guvern,ridicata,intern,negativ,nu,-0.22,-0.22,-0.08,-0.05,3.82,1.15,-0.15,-0.09,False,-0.01,-0.01,0.2,-0.45,False,-0.95,-0.89,2.69,,0.28,-0.7,-2.01,-0.26,0.31,-0.15,1.04,-0.73
guvern_citu_2020,2020-12-23 12:00,2020-12-23,guvern,ridicata,intern,pozitiv,da,0.33,0.36,0.67,0.43,1.12,0.38,0.62,0.4,False,-0.19,-0.16,1.08,-0.64,False,-0.4,-0.2,0.64,,-0.56,-0.03,0.01,0.74,1.08,0.62,1.76,0.6
criza_stelian_2021,2021-09-01 12:00,2021-09-01,guvern,ridicata,intern,negativ,da,0.88,1.33,-2.1,-1.84,-0.4,-0.18,-2.14,-1.85,False,-2.13,-1.91,0.48,0.55,False,0.37,0.01,-0.67,,-2.32,1.41,-0.11,0.26,-1.34,-2.14,-0.89,-3.01
motiune_citu_2021,2021-10-05 15:00,2021-10-05,motiune,ridicata,intern,negativ,da,-0.03,-0.04,-0.13,-0.12,1.34,0.66,-0.19,-0.18,False,-0.02,-0.03,1.17,-1.15,False,-1.13,0.65,1.03,,0.75,0.57,0.69,-1.44,-0.17,-0.19,0.2,-0.12
guvern_ciuca_2021,2021-11-25 12:00,2021-11-25,guvern,ridicata,intern,pozitiv,da,0.49,0.97,-2.57,-2.96,-3.26,-1.96,-2.6,-3.02,False,-2.04,-2.41,0.42,0.14,False,1.47,-0.48,-1.26,,-2.06,-2.57,-6.77,-3.07,-2.97,-2.6,-1.92,-3.92
invazie_2022,2022-02-24 06:00,2022-02-24,extern,ridicata,extern,negativ,nu,-4.28,-4.65,-1.36,-0.86,-12.05,-3.95,-1.41,-0.89,False,-1.22,-0.85,-3.28,-0.8,True,0.27,0.5,1.98,,4.28,-2.37,-0.82,0.27,-0.8,-1.41,-0.91,-0.1
rotativa_ciolacu_2023,2023-06-15 12:00,2023-06-15,guvern,ridicata,intern,neutru,nu,-0.05,-0.09,2.12,2.43,-0.69,-0.41,1.95,2.28,False,2.09,2.41,-0.13,0.1,False,-0.3,-5.67,0.31,,-0.03,-1.13,-0.85,-1.61,1.51,1.95,1.42,0.35
ipo_h2o_2023,2023-07-12 09:00,2023-07-12,piata,ridicata,piata,pozitiv,nu,1.48,2.52,2.91,2.85,5.79,2.96,2.73,2.65,False,2.68,2.64,1.51,-0.08,False,2.59,0.28,-2.79,,-3.14,-0.62,1.15,-0.44,2.54,2.73,0.49,2.71
locale_euro_2024,2024-06-09 21:00,2024-06-10,alegeri,ridicata,intern,neutru,nu,-1.3,-2.62,-3.01,-3.49,-0.21,-0.13,-0.59,-0.68,True,-2.85,-3.34,-0.27,-0.86,False,-1.37,4.68,2.54,-8.88,1.45,4.3,0.82,-0.31,-3.09,-0.59,-0.88,-3.28
tur1_2024,2024-11-24 21:00,2024-11-25,alegeri,ridicata,intern,negativ,da,-0.8,-1.23,-1.59,-1.4,-5.99,-2.76,-1.6,-1.41,False,-1.86,-1.74,0.06,-0.95,False,0.73,1.17,-0.09,-0.95,1.59,-0.53,-0.83,-0.09,-1.28,-1.6,0.03,-0.9
parlamentare_2024,2024-12-01 21:00,2024-12-02,alegeri,ridicata,intern,negativ,da,0.6,1.03,-3.73,-3.71,-0.91,-0.47,-3.74,-3.71,False,-3.93,-3.97,0.66,-0.03,True,1.24,0.21,4.4,-0.39,3.1,-2.53,-4.39,-2.95,-3.58,-3.74,-3.55,-2.87
ccr_anulare_2024,2024-12-06 12:00,2024-12-06,ccr,ridicata,intern,negativ,da,2.97,4.64,4.35,3.92,4.66,2.19,4.34,3.91,False,4.22,3.87,0.18,2.79,True,-0.43,-1.71,-2.61,0.61,1.84,3.24,2.7,2.5,4.21,4.34,1.9,3.67
schengen_2024,2024-12-12 12:00,2024-12-12,extern,ridicata,extern,pozitiv,nu,0.02,0.02,1.65,1.46,1.54,0.71,1.64,1.45,False,1.68,1.49,-0.14,0.1,False,-2.0,-0.3,0.63,0.54,-0.65,2.29,-5.0,-0.12,1.79,1.64,3.43,1.21
fitch_negativ_2024,2024-12-18 12:00,2024-12-18,rating,medie,intern,negativ,nu,-2.12,-2.65,-4.3,-3.11,0.63,0.24,-4.31,-3.1,False,-4.39,-3.17,0.15,-2.45,True,-0.39,-0.0,2.34,-1.04,1.7,-0.11,3.02,-1.96,-4.26,-4.31,-0.72,-3.48
guvern_ciolacu2_2024,2024-12-23 12:00,2024-12-23,guvern,ridicata,intern,neutru,nu,0.89,0.94,2.97,1.83,-0.95,-0.3,2.97,1.82,False,2.97,1.83,0.14,0.63,False,-0.97,-0.59,0.23,1.61,-0.68,0.2,0.33,-1.38,2.74,2.97,0.39,2.67
bec_respinge_2025,2025-03-09 21:00,2025-03-10,ccr-alegeri,ridicata,intern,neutru,nu,-0.97,-1.02,0.08,0.05,-2.29,-0.73,0.08,0.05,False,1.22,0.76,-1.29,0.48,False,-0.69,0.21,1.47,1.17,-0.19,-1.15,-2.93,1.0,0.21,0.08,-0.01,0.22
tur1_2025,2025-05-04 21:00,2025-05-05,alegeri,ridicata,intern,negativ,da,-2.91,-2.59,-3.5,-1.8,-5.59,-1.5,-3.5,-1.8,False,-4.54,-3.49,0.16,-3.05,True,-0.02,1.02,0.29,1.1,0.2,-0.4,3.44,-0.78,-3.32,-3.5,-4.51,-2.82
demisie_ciolacu_2025,2025-05-05 12:00,2025-05-05,guvern,ridicata,intern,negativ,nu,-2.91,-2.59,-3.5,-1.8,-5.59,-1.5,-3.5,-1.8,False,-4.54,-3.49,0.16,-3.05,True,-0.02,1.02,0.29,1.1,0.2,-0.4,3.44,-0.78,-3.32,-3.5,-4.51,-2.82
tur2_2025,2025-05-18 21:00,2025-05-19,alegeri,ridicata,intern,pozitiv,da,4.15,3.71,6.85,3.54,8.21,2.21,6.94,3.58,False,6.11,4.52,0.13,3.95,True,-0.16,1.83,2.47,-0.83,-3.95,-4.14,-2.16,2.82,6.88,6.94,5.14,6.13
guvern_bolojan_2025,2025-06-23 12:00,2025-06-23,guvern,ridicata,intern,neutru,nu,-1.35,-0.95,-0.72,-0.29,0.05,0.01,-0.75,-0.3,False,-1.17,-0.57,-0.28,-0.9,False,-0.98,0.63,0.16,0.49,1.17,-1.36,3.97,-0.07,-0.74,-0.75,-0.99,0.03
pachet_fiscal_2025,2025-07-07 12:00,2025-07-07,fiscal,medie,intern,neutru,nu,-0.18,-0.14,-0.73,-0.32,-0.72,-0.16,-1.0,-0.43,False,-0.53,-0.25,0.44,-0.35,False,-1.76,2.02,-2.03,0.7,-1.37,0.27,2.88,0.94,-0.79,-1.0,-0.45,0.1
