event_id,zi,car3_tr,t,p_empilateric,percentila_abs,contaminat_dividend
tur2_2025,2025-05-19,6.94,3.58,0.016,98.6,False
ccr_anulare_2024,2024-12-06,4.34,3.91,0.0419,96.0,False
fitch_negativ_2024,2024-12-18,-4.31,-3.1,0.0439,95.8,False
parlamentare_2024,2024-12-02,-3.74,-3.71,0.0619,94.0,False
demisie_ciolacu_2025,2025-05-05,-3.5,-1.8,0.0739,92.8,False
tur1_2025,2025-05-05,-3.5,-1.8,0.0739,92.8,False
guvern_ciolacu2_2024,2024-12-23,2.97,1.82,0.1038,89.8,False
ipo_h2o_2023,2023-07-12,2.73,2.65,0.1138,88.8,False
guvern_ciuca_2021,2021-11-25,-2.6,-3.02,0.1257,87.6,False
criza_stelian_2021,2021-09-01,-2.14,-1.85,0.1876,81.4,False
rotativa_ciolacu_2023,2023-06-15,1.95,2.28,0.2275,77.4,False
schengen_2024,2024-12-12,1.64,1.45,0.2774,72.4,False
tur1_2024,2024-11-25,-1.6,-1.41,0.2894,71.2,False
invazie_2022,2022-02-24,-1.41,-0.89,0.3333,66.8,False
pachet_fiscal_2025,2025-07-07,-1.0,-0.43,0.485,51.6,False
guvern_bolojan_2025,2025-06-23,-0.75,-0.3,0.5988,40.2,False
locale_2020,2020-09-28,-0.67,-0.59,0.6248,37.6,False
guvern_citu_2020,2020-12-23,0.62,0.4,0.6547,34.6,False
locale_euro_2024,2024-06-10,-0.59,-0.68,0.6667,33.4,True
motiune_citu_2021,2021-10-05,-0.19,-0.18,0.8862,11.4,False
parlamentare_2020,2020-12-07,-0.18,-0.1,0.8942,10.6,False
demisie_orban_2020,2020-12-08,-0.15,-0.09,0.9202,8.0,False
bec_respinge_2025,2025-03-10,0.08,0.05,0.9501,5.0,False
