regula,n_tr,n_te,medie_tr_pct,medie_te_pct,medie_toate_pct,t_toate
overlay_all,11,13,0.0,0.0,0.0,0.0
pre_short_election,2,5,-0.2788029884430827,-0.047843658504948816,-0.11383203848727272,-0.08692124802460205
open_short_all,11,13,-0.16809448235696156,-0.028179589850940222,-0.09230724891619999,-0.20616001869938566
pre_short_govt,6,3,-0.3405043076925237,-0.20318932135985307,-0.2947326455816335,-0.4443463627202881
pre_short_all,11,13,-0.21467612007079173,-0.3731732485829966,-0.300528731348236,-0.5388946849420659
pre_long_election,2,5,-0.7295781659873541,-0.9030674415111822,-0.853499077075803,-0.6422815595110116
pre_short_guess,2,7,-0.2788029884430827,-0.8711995565981182,-0.739555874785888,-0.6558656628455147
pre_long_elect_govt,8,10,-0.6892409677682186,-0.29746431394658,-0.4715872712006416,-0.7323272585944929
pre_short_elect_govt,8,10,-0.3250789778801635,-0.6707964860266388,-0.5171442601837608,-0.8120091112720631
pre_long_govt,6,3,-0.6757952350285067,-0.7841753751519515,-0.7119219484029885,-1.066706977475432
pre_long_all,11,13,-0.9137485508164567,-0.5913628015630912,-0.7391229366375502,-1.2843432162612023
open_long_all,11,13,-0.956808422796254,-0.9570577052591264,-0.9569434507969765,-2.064175832925282
