regula,0bps,25bps,50bps,t@50,100bps,200bps
open_short_all,0.40769275108380004,0.1576927510838,-0.09230724891619999,-0.20616001869938566,-0.5923072489162,-1.5923072489162
pre_short_election,0.3861679615127273,0.1361679615127273,-0.11383203848727272,-0.08692124802460205,-0.6138320384872726,-1.6138320384872729
pre_short_govt,0.2052673544183666,-0.044732645581633416,-0.2947326455816335,-0.4443463627202881,-0.7947326455816336,-1.7947326455816335
pre_short_all,0.19947126865176393,-0.05052873134823613,-0.300528731348236,-0.5388946849420659,-0.800528731348236,-1.8005287313482363
pre_long_elect_govt,0.028412728799358397,-0.22158727120064167,-0.4715872712006416,-0.7323272585944929,-0.9715872712006419,-1.9715872712006421
pre_short_elect_govt,-0.017144260183760758,-0.26714426018376086,-0.5171442601837608,-0.8120091112720631,-1.017144260183761,-2.0171442601837613
pre_long_govt,-0.21192194840298834,-0.4619219484029883,-0.7119219484029885,-1.066706977475432,-1.2119219484029884,-2.2119219484029884
pre_long_all,-0.23912293663755033,-0.4891229366375504,-0.7391229366375502,-1.2843432162612023,-1.2391229366375502,-2.2391229366375507
pre_short_guess,-0.2395558747858881,-0.4895558747858882,-0.739555874785888,-0.6558656628455147,-1.239555874785888,-2.2395558747858884
pre_long_election,-0.35349907707580286,-0.6034990770758031,-0.853499077075803,-0.6422815595110116,-1.3534990770758033,-2.353499077075803
open_long_all,-0.4569434507969765,-0.7069434507969766,-0.9569434507969765,-2.064175832925282,-1.4569434507969765,-2.4569434507969765
